{
  "hepatocyte": {
    "Vmax": 64.98895363485505,
    "K": 5.010694371803027
  },
  "MDA": {
    "Vmax": 61.05836567617096,
    "K": 2.1155760618309833
  },
  "AT2_lung": {
    "Vmax": 72.03093835675489,
    "K": 8.501449413799504
  },
  "NHLF": {
    "Vmax": 87.77217901422749,
    "K": 3.9649170174157
  }
}